/*
USE myHotel

INSERT INTO Zipcode VALUES('11561', 'New York City', 'NY')
INSERT INTO Zipcode VALUES('89119', 'Las Vegas', 'NV')
INSERT INTO Zipcode VALUES('75202', 'Dallas', 'TX')
INSERT INTO Zipcode VALUES('33138', 'Miami', 'FL')
INSERT INTO Zipcode VALUES('94016', 'San Francisco', 'CA')

INSERT INTO Jobs VALUES('NA','$15','Check in guests, make reservations, tend to guests, balance books','Night Auditor')
INSERT INTO Jobs VALUES('HK','$12','Clean Rooms','Housekeeping')
INSERT INTO Jobs VALUES('MA','$25','Manage staff','Manager')
INSERT INTO Jobs VALUES('FD','$15','Check in guests, make reservations, tend to guests','Front Desk')
INSERT INTO Jobs VALUES('MT','$18','Maintain premises','Maintenance')

INSERT INTO Hotels VALUES('H11','11561','Allegria')
INSERT INTO Hotels VALUES('H89','89119','Luxor')
INSERT INTO Hotels VALUES('H75','75202','The Adolphus')
INSERT INTO Hotels VALUES('H33','33138','Vagabond')
INSERT INTO Hotels VALUES('H94','94016','Fairmount')

INSERT INTO Employees VALUES(10001,'MA','H11','Beeblebrox','Zayphod','12')
INSERT INTO Employees VALUES(12001,'FD','H89','Dent','Arthur','40')
INSERT INTO Employees VALUES(13001,'NA','H75','Prefect','Ford','32')
INSERT INTO Employees VALUES(14001,'MT','H33','Bartfast','Slarti','56')
INSERT INTO Employees VALUES(15001,'HK','H94','McMillan','Trillian','56')

INSERT INTO Guests VALUES(10101,'11561','Tano','Ahsoka','(516)655-5666')
INSERT INTO Guests VALUES(80101,'89119','Kryze','Bo-Katan','(702)211-1122')
INSERT INTO Guests VALUES(70101,'75202','Palpatine','Sheev','(214)322-2333')
INSERT INTO Guests VALUES(30101,'33138','Bane','Cad','(305)433-3444')
INSERT INTO Guests VALUES(90101,'94016','Tarkin','Wilhuff','(650)988-8999')

INSERT INTO Reservations VALUES(1012521,10101,'H11','2/15/2021','2/21/2021','$109')
INSERT INTO Reservations VALUES('8082622',80101,'H89','2/16/2021','2/22/2021','$27')
INSERT INTO Reservations VALUES('7072723',70101,'H75','2/17/2021','2/23/2021','$167')
INSERT INTO Reservations VALUES('3032824',30101,'H33','2/18/2021','2/24/2021','$134')
INSERT INTO Reservations VALUES('9092925',90101,'H94','2/19/2021','2/25/2021','$242')
*/